{
    "tipo": "subdeterminado",
    "forma_A": [
        2,
        3
    ],
    "solucion": [
        -3.0555555555555585,
        0.11111111111111083,
        3.27777777777778
    ]
}