{
    "tipo": "cuadrado",
    "forma_A": [
        3,
        3
    ],
    "solucion": [
        1.9999999999999998,
        1.8,
        0.40000000000000013
    ]
}