{
    "bucle": [
        0.0014728460009791888,
        0.01499703999979829,
        0.14824623499953304
    ],
    "vectorizado": [
        8.023000009416137e-05,
        0.0004115899992029881,
        0.0026103449999936856
    ],
    "numba": [
        0.21464741499949014,
        8.434799929091241e-05,
        0.0007636499994987389
    ]
}