{
    "bucle": [
        0.0014246270002331585,
        0.014883756999552133,
        0.14664861500023108
    ],
    "vectorizado": [
        7.55219989514444e-05,
        0.0003800819995376514,
        0.0021395250005298294
    ],
    "numba": [
        0.21065084399924672,
        8.963700020103715e-05,
        0.0007664940003451193
    ]
}