{
    "tipo": "sobredeterminado",
    "forma_A": [
        3,
        2
    ],
    "solucion": [
        2.4736842105263146,
        0.21052631578947464
    ]
}