{"loss": [0.026504898443818092, 0.020624995231628418, 0.018606195226311684, 0.017403408885002136, 0.01654464565217495, 0.015938781201839447, 0.015248598530888557, 0.01486913301050663, 0.01414357777684927, 0.01398926880210638], "accuracy": [0.8173750042915344, 0.8564791679382324, 0.8708124756813049, 0.8802708387374878, 0.886104166507721, 0.890500009059906, 0.8958749771118164, 0.8986250162124634, 0.9041249752044678, 0.9056249856948853], "val_loss": [0.02188091352581978, 0.02000475488603115, 0.020216645672917366, 0.019522445276379585, 0.018481409177184105, 0.018486352637410164, 0.01718711480498314, 0.01835818774998188, 0.01682594045996666, 0.020237496122717857], "val_accuracy": [0.8461666703224182, 0.8618333339691162, 0.8573333621025085, 0.8653333187103271, 0.8733333349227905, 0.875333309173584, 0.8824999928474426, 0.8759166598320007, 0.8861666917800903, 0.8665000200271606]}