{"loss": [0.02532348409295082, 0.019733231514692307, 0.01807180978357792, 0.016990579664707184, 0.0161907859146595, 0.015615358017385006, 0.0148703558370471, 0.014233679510653019, 0.013946093618869781, 0.013482846319675446], "accuracy": [0.8225833177566528, 0.8628541827201843, 0.875249981880188, 0.8823958039283752, 0.8878750205039978, 0.8923749923706055, 0.8980416655540466, 0.9035833477973938, 0.9052291512489319, 0.9089166522026062], "val_loss": [0.023197168484330177, 0.019403845071792603, 0.01753910258412361, 0.018307659775018692, 0.016922857612371445, 0.017601363360881805, 0.0173664353787899, 0.01683780737221241, 0.01643875241279602, 0.01620648242533207], "val_accuracy": [0.8374166488647461, 0.8650833368301392, 0.8794166445732117, 0.8727499842643738, 0.8828333616256714, 0.8795833587646484, 0.8818333148956299, 0.8853333592414856, 0.8864166736602783, 0.8888333439826965]}