{"loss": [0.050942398607730865, 0.030210385099053383, 0.02605312317609787, 0.024271823465824127, 0.023073982447385788, 0.022191258147358894, 0.021501831710338593, 0.02093256451189518, 0.020545000210404396, 0.0201701782643795], "accuracy": [0.6374375224113464, 0.8041250109672546, 0.8260833621025085, 0.8354374766349792, 0.843999981880188, 0.8499374985694885, 0.8552708625793457, 0.8581666946411133, 0.8622291684150696, 0.8643125295639038], "val_loss": [0.035040371119976044, 0.027556655928492546, 0.02568008005619049, 0.023887649178504944, 0.023159386590123177, 0.023033037781715393, 0.021956710144877434, 0.021719777956604958, 0.02127532847225666, 0.021749043837189674], "val_accuracy": [0.7734166383743286, 0.8174999952316284, 0.8267499804496765, 0.8389999866485596, 0.8424999713897705, 0.8425833582878113, 0.8512499928474426, 0.8544166684150696, 0.8573333621025085, 0.8535000085830688]}