{"loss": [0.5074617862701416, 0.3747517466545105, 0.3406888246536255, 0.3165346384048462, 0.2945081293582916, 0.28316354751586914, 0.26766547560691833, 0.25776898860931396, 0.24754075706005096, 0.23875901103019714], "accuracy": [0.8198124766349792, 0.8635833263397217, 0.8731874823570251, 0.882895827293396, 0.8910624980926514, 0.8956458568572998, 0.8991458415985107, 0.9031875133514404, 0.906541645526886, 0.910854160785675], "val_loss": [0.4392087459564209, 0.3650728762149811, 0.3903597891330719, 0.3264031708240509, 0.33954277634620667, 0.33252444863319397, 0.34510233998298645, 0.3261502981185913, 0.301484614610672, 0.34008851647377014], "val_accuracy": [0.84375, 0.8678333163261414, 0.8583333492279053, 0.8805833458900452, 0.8786666393280029, 0.8822500109672546, 0.8763333559036255, 0.8848333358764648, 0.8927500247955322, 0.8830833435058594]}