{"loss": [0.5452512502670288, 0.4015585482120514, 0.36216309666633606, 0.33681124448776245, 0.3187914490699768, 0.3032863438129425, 0.2900247275829315, 0.2806086540222168, 0.27022168040275574, 0.2603054940700531], "accuracy": [0.8055833578109741, 0.8541666865348816, 0.8654791712760925, 0.8764374852180481, 0.8812708258628845, 0.8873541951179504, 0.8916666507720947, 0.8955416679382324, 0.8979166746139526, 0.9004791378974915], "val_loss": [0.4558833837509155, 0.3986867368221283, 0.4106045663356781, 0.3603144884109497, 0.3312687873840332, 0.32394859194755554, 0.34326374530792236, 0.3271414339542389, 0.3703894019126892, 0.344346284866333], "val_accuracy": [0.8262500166893005, 0.8555833101272583, 0.8502500057220459, 0.8693333268165588, 0.8802499771118164, 0.8830833435058594, 0.8765000104904175, 0.8817499876022339, 0.8638333082199097, 0.8765833377838135]}