{"loss": [0.04796290770173073, 0.02935798093676567, 0.025647582486271858, 0.023826397955417633, 0.022677205502986908, 0.02183935046195984, 0.02112097479403019, 0.020572030916810036, 0.020091980695724487, 0.019688604399561882], "accuracy": [0.6674791574478149, 0.8073958158493042, 0.828374981880188, 0.8397708535194397, 0.8464999794960022, 0.85177081823349, 0.8570416569709778, 0.8605625033378601, 0.8636875152587891, 0.8665833473205566], "val_loss": [0.03262262046337128, 0.026993174105882645, 0.02490447834134102, 0.02358159050345421, 0.022928612306714058, 0.02200239524245262, 0.021501654759049416, 0.02104884944856167, 0.02060030587017536, 0.0200966689735651], "val_accuracy": [0.7900833487510681, 0.8180000185966492, 0.8289999961853027, 0.8359166383743286, 0.8387500047683716, 0.847000002861023, 0.8506666421890259, 0.856166660785675, 0.8587499856948853, 0.862666666507721]}