{"loss": [0.48578011989593506, 0.3650614023208618, 0.3291076719760895, 0.3100845515727997, 0.2891117036342621, 0.2760988473892212, 0.2635795772075653, 0.25145450234413147, 0.2410314679145813, 0.2336052805185318], "accuracy": [0.8242291808128357, 0.8671249747276306, 0.8783125281333923, 0.8841875195503235, 0.8913541436195374, 0.8964999914169312, 0.9013124704360962, 0.9049375057220459, 0.9098333120346069, 0.9129999876022339], "val_loss": [0.41038477420806885, 0.3410864770412445, 0.33612650632858276, 0.3358316123485565, 0.3341974914073944, 0.32337087392807007, 0.32677143812179565, 0.3151530623435974, 0.3262082636356354, 0.31175878643989563], "val_accuracy": [0.8454999923706055, 0.8765833377838135, 0.8771666884422302, 0.8756666779518127, 0.8809166550636292, 0.8824999928474426, 0.8848333358764648, 0.8852499723434448, 0.8809999823570251, 0.8918333053588867]}