{"loss": [0.52310711145401, 0.39854735136032104, 0.35831400752067566, 0.3339520990848541, 0.31823715567588806, 0.29913249611854553, 0.28657984733581543, 0.2782346308231354, 0.26795005798339844, 0.25735604763031006], "accuracy": [0.8111041784286499, 0.8543750047683716, 0.8675833344459534, 0.8770833611488342, 0.8815208077430725, 0.8886041641235352, 0.8926249742507935, 0.8965416550636292, 0.9010416865348816, 0.9034166932106018], "val_loss": [0.4656089246273041, 0.38139331340789795, 0.3754384219646454, 0.3702164590358734, 0.338736355304718, 0.3608585596084595, 0.33257657289505005, 0.3325176239013672, 0.34194010496139526, 0.32670846581459045], "val_accuracy": [0.8338333368301392, 0.8607500195503235, 0.8644166588783264, 0.8628333210945129, 0.8771666884422302, 0.8687499761581421, 0.8778333067893982, 0.8777499794960022, 0.8732500076293945, 0.8811666369438171]}