{
  "loss": [
    0.6554334759712219,
    0.3935840129852295,
    0.2838003635406494,
    0.2292996048927307,
    0.19014036655426025,
    0.16092625260353088,
    0.13646723330020905,
    0.12378991395235062,
    0.11046429723501205,
    0.09739676862955093
  ],
  "accuracy": [
    0.6345999836921692,
    0.8471999764442444,
    0.8995500206947327,
    0.919700026512146,
    0.9365500211715698,
    0.9478499889373779,
    0.9595500230789185,
    0.9620500206947327,
    0.9678999781608582,
    0.9721999764442444
  ],
  "val_loss": [
    0.47860321402549744,
    0.3380480408668518,
    0.2876335680484772,
    0.3089158535003662,
    0.2989156246185303,
    0.3018423318862915,
    0.3862406611442566,
    0.4320913553237915,
    0.37599533796310425,
    0.38246244192123413
  ],
  "val_accuracy": [
    0.8112000226974487,
    0.8694000244140625,
    0.8866000175476074,
    0.8855999708175659,
    0.8881999850273132,
    0.8866000175476074,
    0.8831999897956848,
    0.879800021648407,
    0.8858000040054321,
    0.8830000162124634
  ]
}