{
  "loss": [
    0.9677454829216003,
    0.7662046551704407,
    0.6154912114143372,
    0.5767439007759094,
    0.5044938921928406,
    0.48726338148117065,
    0.4421160817146301,
    0.45865148305892944,
    0.4359322190284729,
    0.40993472933769226,
    0.37159669399261475,
    0.3796257972717285,
    0.33863794803619385,
    0.3079104721546173,
    0.3325183093547821
  ],
  "accuracy": [
    0.5233333110809326,
    0.5950000286102295,
    0.6616666913032532,
    0.7149999737739563,
    0.7433333396911621,
    0.7300000190734863,
    0.7749999761581421,
    0.7833333611488342,
    0.7633333206176758,
    0.8050000071525574,
    0.8199999928474426,
    0.8083333373069763,
    0.8316666483879089,
    0.8483333587646484,
    0.8550000190734863
  ],
  "auc": [
    0.5123412609100342,
    0.6413227319717407,
    0.763849139213562,
    0.8005290627479553,
    0.8480291366577148,
    0.8591997027397156,
    0.8872619271278381,
    0.8732538819313049,
    0.8898941874504089,
    0.9013161659240723,
    0.9223148226737976,
    0.9162698984146118,
    0.9401058554649353,
    0.9545502662658691,
    0.9401719570159912
  ],
  "val_loss": [
    0.6739773750305176,
    0.6647027730941772,
    0.6583579182624817,
    0.6525010466575623,
    0.6442028880119324,
    0.6368811130523682,
    0.6295591592788696,
    0.6222370266914368,
    0.6149147152900696,
    0.6080806851387024,
    0.6022230982780457,
    0.5963654518127441,
    0.5905077457427979,
    0.5856266021728516,
    0.58221036195755
  ],
  "val_accuracy": [
    0.6600000262260437,
    0.6700000166893005,
    0.6650000214576721,
    0.6650000214576721,
    0.6800000071525574,
    0.699999988079071,
    0.699999988079071,
    0.7149999737739563,
    0.7350000143051147,
    0.7250000238418579,
    0.7300000190734863,
    0.7200000286102295,
    0.7200000286102295,
    0.7200000286102295,
    0.7149999737739563
  ],
  "val_auc": [
    0.6676190495491028,
    0.691428542137146,
    0.7090475559234619,
    0.7225000262260437,
    0.7338095307350159,
    0.7409523725509644,
    0.7457738518714905,
    0.7488095760345459,
    0.7498810291290283,
    0.753928542137146,
    0.7488690614700317,
    0.7491071224212646,
    0.7483928203582764,
    0.7486310005187988,
    0.7478571534156799
  ],
  "lr": [
    0.0010000000474974513,
    0.0010000000474974513,
    0.0010000000474974513,
    0.0010000000474974513,
    0.0010000000474974513,
    0.0010000000474974513,
    0.0010000000474974513,
    0.0010000000474974513,
    0.0010000000474974513,
    0.0010000000474974513,
    0.0010000000474974513,
    0.0010000000474974513,
    0.0010000000474974513,
    0.0010000000474974513,
    0.0010000000474974513
  ]
}