{
  "threshold": 0.5,
  "accuracy": 0.77,
  "precision": 0.6666666666666666,
  "recall": 0.4666666666666667,
  "f1": 0.5490196078431373,
  "roc_auc": 0.7798214285714287,
  "confusion_matrix": [
    [
      126,
      14
    ],
    [
      32,
      28
    ]
  ],
  "roc_curve": {
    "fpr": [
      0.0,
      0.0,
      0.0,
      0.007142857142857143,
      0.007142857142857143,
      0.014285714285714285,
      0.014285714285714285,
      0.02142857142857143,
      0.02142857142857143,
      0.02857142857142857,
      0.02857142857142857,
      0.03571428571428571,
      0.03571428571428571,
      0.04285714285714286,
      0.04285714285714286,
      0.05,
      0.05,
      0.05714285714285714,
      0.05714285714285714,
      0.06428571428571428,
      0.06428571428571428,
      0.09285714285714286,
      0.09285714285714286,
      0.1,
      0.1,
      0.12857142857142856,
      0.12857142857142856,
      0.12857142857142856,
      0.14285714285714285,
      0.15,
      0.15,
      0.15714285714285714,
      0.15714285714285714,
      0.16428571428571428,
      0.16428571428571428,
      0.17142857142857143,
      0.17142857142857143,
      0.18571428571428572,
      0.18571428571428572,
      0.2,
      0.22857142857142856,
      0.2357142857142857,
      0.24285714285714285,
      0.2571428571428571,
      0.2857142857142857,
      0.2857142857142857,
      0.3142857142857143,
      0.3142857142857143,
      0.32142857142857145,
      0.3357142857142857,
      0.35,
      0.37142857142857144,
      0.4,
      0.4,
      0.4,
      0.4142857142857143,
      0.42142857142857143,
      0.45,
      0.45714285714285713,
      0.4714285714285714,
      0.4785714285714286,
      0.5,
      0.5285714285714286,
      0.5428571428571428,
      0.5428571428571428,
      0.5642857142857143,
      0.5642857142857143,
      0.6928571428571428,
      0.6928571428571428,
      0.7071428571428572,
      0.7071428571428572,
      0.7285714285714285,
      0.7285714285714285,
      0.7428571428571429,
      0.7571428571428571,
      0.7642857142857142,
      0.7785714285714286,
      0.7928571428571428,
      0.8071428571428572,
      0.8214285714285714,
      0.8214285714285714,
      0.8571428571428571,
      0.8571428571428571,
      0.8857142857142857,
      0.9,
      0.9214285714285714,
      0.9357142857142857,
      1.0
    ],
    "tpr": [
      0.0,
      0.016666666666666666,
      0.03333333333333333,
      0.03333333333333333,
      0.08333333333333333,
      0.08333333333333333,
      0.15,
      0.15,
      0.2,
      0.2,
      0.25,
      0.25,
      0.3,
      0.3,
      0.31666666666666665,
      0.31666666666666665,
      0.36666666666666664,
      0.36666666666666664,
      0.38333333333333336,
      0.38333333333333336,
      0.4,
      0.4,
      0.43333333333333335,
      0.43333333333333335,
      0.48333333333333334,
      0.48333333333333334,
      0.5166666666666667,
      0.5333333333333333,
      0.5333333333333333,
      0.55,
      0.5833333333333334,
      0.5833333333333334,
      0.6,
      0.6,
      0.6333333333333333,
      0.65,
      0.6666666666666666,
      0.6666666666666666,
      0.6833333333333333,
      0.6833333333333333,
      0.6833333333333333,
      0.7,
      0.7,
      0.7,
      0.7,
      0.7166666666666667,
      0.7166666666666667,
      0.75,
      0.75,
      0.7666666666666667,
      0.7666666666666667,
      0.7666666666666667,
      0.7666666666666667,
      0.7833333333333333,
      0.8166666666666667,
      0.8166666666666667,
      0.8166666666666667,
      0.8166666666666667,
      0.8333333333333334,
      0.8333333333333334,
      0.85,
      0.85,
      0.85,
      0.85,
      0.8666666666666667,
      0.8666666666666667,
      0.8833333333333333,
      0.8833333333333333,
      0.9,
      0.9,
      0.9166666666666666,
      0.9166666666666666,
      0.9333333333333333,
      0.9333333333333333,
      0.9333333333333333,
      0.9333333333333333,
      0.9333333333333333,
      0.9333333333333333,
      0.9333333333333333,
      0.9333333333333333,
      0.95,
      0.95,
      1.0,
      1.0,
      1.0,
      1.0,
      1.0,
      1.0
    ],
    "thr": [
      Infinity,
      0.69677734375,
      0.67138671875,
      0.669921875,
      0.60400390625,
      0.57763671875,
      0.56591796875,
      0.56005859375,
      0.5478515625,
      0.5439453125,
      0.53564453125,
      0.53515625,
      0.533203125,
      0.5322265625,
      0.53173828125,
      0.52880859375,
      0.5263671875,
      0.5244140625,
      0.52099609375,
      0.51953125,
      0.5185546875,
      0.509765625,
      0.50732421875,
      0.5068359375,
      0.49853515625,
      0.491943359375,
      0.491455078125,
      0.487548828125,
      0.484375,
      0.48388671875,
      0.482177734375,
      0.480224609375,
      0.4794921875,
      0.478515625,
      0.4775390625,
      0.475830078125,
      0.474853515625,
      0.471923828125,
      0.46875,
      0.468505859375,
      0.4599609375,
      0.4580078125,
      0.456787109375,
      0.45556640625,
      0.449462890625,
      0.44873046875,
      0.4453125,
      0.43994140625,
      0.439208984375,
      0.4375,
      0.4345703125,
      0.433837890625,
      0.430908203125,
      0.428466796875,
      0.427978515625,
      0.427490234375,
      0.42626953125,
      0.423583984375,
      0.423095703125,
      0.42236328125,
      0.419677734375,
      0.41650390625,
      0.414306640625,
      0.41015625,
      0.40966796875,
      0.40625,
      0.40576171875,
      0.38134765625,
      0.380859375,
      0.378662109375,
      0.377685546875,
      0.374755859375,
      0.37451171875,
      0.371826171875,
      0.37158203125,
      0.369140625,
      0.3671875,
      0.36669921875,
      0.3642578125,
      0.362548828125,
      0.3623046875,
      0.358154296875,
      0.35205078125,
      0.347900390625,
      0.347412109375,
      0.342041015625,
      0.34130859375,
      0.263916015625
    ]
  }
}