{
  "loss": [
    1.1775190830230713,
    0.9605645537376404,
    0.9509475827217102,
    0.8215835094451904,
    0.8491833806037903,
    0.8578373193740845,
    0.8263081312179565,
    0.8076302409172058,
    0.8447596430778503,
    0.7597144842147827,
    0.7233540415763855,
    0.7756589651107788,
    0.8350862264633179,
    0.813810408115387,
    0.6657050848007202,
    0.7332834005355835,
    0.7187326550483704,
    0.772320032119751,
    0.6952368021011353,
    0.7221705913543701,
    0.7643321752548218,
    0.6607320308685303,
    0.6274510622024536,
    0.6663118600845337,
    0.6919175982475281,
    0.6687731146812439,
    0.7333174347877502,
    0.7421913743019104,
    0.6712474226951599,
    0.6578556299209595,
    0.7434090971946716,
    0.6612738370895386,
    0.6425175666809082,
    0.6978366374969482,
    0.6692951321601868,
    0.5929670929908752,
    0.6695752739906311,
    0.7193149328231812,
    0.6560857892036438,
    0.641906201839447,
    0.5816587805747986,
    0.6225311756134033,
    0.635278582572937,
    0.6912551522254944,
    0.631775975227356,
    0.6989243626594543,
    0.6679478287696838,
    0.622583270072937,
    0.6057896614074707,
    0.6525897979736328
  ],
  "accuracy": [
    0.5366666913032532,
    0.5799999833106995,
    0.5616666674613953,
    0.6316666603088379,
    0.5983333587646484,
    0.6133333444595337,
    0.6416666507720947,
    0.6483333110809326,
    0.6650000214576721,
    0.6766666769981384,
    0.6616666913032532,
    0.6499999761581421,
    0.6366666555404663,
    0.653333306312561,
    0.6816666722297668,
    0.6866666674613953,
    0.699999988079071,
    0.6800000071525574,
    0.6933333277702332,
    0.6833333373069763,
    0.6549999713897705,
    0.7066666483879089,
    0.7099999785423279,
    0.6783333420753479,
    0.7016666531562805,
    0.6883333325386047,
    0.6916666626930237,
    0.675000011920929,
    0.7099999785423279,
    0.6949999928474426,
    0.6783333420753479,
    0.7149999737739563,
    0.7083333134651184,
    0.6783333420753479,
    0.7099999785423279,
    0.7250000238418579,
    0.7183333039283752,
    0.70333331823349,
    0.7183333039283752,
    0.7183333039283752,
    0.7383333444595337,
    0.7300000190734863,
    0.7149999737739563,
    0.6933333277702332,
    0.7166666388511658,
    0.6899999976158142,
    0.7250000238418579,
    0.7183333039283752,
    0.7250000238418579,
    0.7166666388511658
  ],
  "auc": [
    0.49748682975769043,
    0.5974404215812683,
    0.6068848967552185,
    0.699722170829773,
    0.6748743057250977,
    0.6719841361045837,
    0.7057143449783325,
    0.7122619152069092,
    0.7083333134651184,
    0.7252843379974365,
    0.7424537539482117,
    0.7077975869178772,
    0.6852050423622131,
    0.6838293671607971,
    0.7619577050209045,
    0.7519047260284424,
    0.7370238900184631,
    0.719947099685669,
    0.7433862686157227,
    0.7424139976501465,
    0.715244710445404,
    0.7744510173797607,
    0.7951653003692627,
    0.7589086890220642,
    0.7664946913719177,
    0.7613293528556824,
    0.7473942041397095,
    0.7385647296905518,
    0.7654895186424255,
    0.778425931930542,
    0.7286838293075562,
    0.7789881229400635,
    0.7865674495697021,
    0.7568122744560242,
    0.7826653718948364,
    0.8066335320472717,
    0.7720635533332825,
    0.748187780380249,
    0.7896164059638977,
    0.7861441969871521,
    0.8162168860435486,
    0.7992592453956604,
    0.792698323726654,
    0.7564350962638855,
    0.7999602556228638,
    0.7563822269439697,
    0.784325361251831,
    0.7949404716491699,
    0.8009456992149353,
    0.7872817516326904
  ],
  "val_loss": [
    0.6876727342605591,
    0.7120920419692993,
    0.7321168780326843,
    0.7296777367591858,
    0.7155194878578186,
    0.6984302997589111,
    0.6823176741600037,
    0.6686462163925171,
    0.6549747586250305,
    0.6432563066482544,
    0.6334909200668335,
    0.6242137551307678,
    0.6178663969039917,
    0.6129836440086365,
    0.6090776324272156,
    0.6051714420318604,
    0.6007770895957947,
    0.5973591208457947,
    0.595406174659729,
    0.5939414501190186,
    0.5919885039329529,
    0.5905239582061768,
    0.5866177678108215,
    0.5841765403747559,
    0.5822235941886902,
    0.5807587504386902,
    0.5788058638572693,
    0.5773411393165588,
    0.5768529772758484,
    0.5744116306304932,
    0.5734352469444275,
    0.5729472637176514,
    0.5724589824676514,
    0.5719708800315857,
    0.5714827179908752,
    0.5714828372001648,
    0.5714828968048096,
    0.5709946751594543,
    0.5705063939094543,
    0.5705064535140991,
    0.5714830160140991,
    0.5705064535140991,
    0.5705064535140991,
    0.5705064535140991,
    0.5690415501594543,
    0.5695298910140991,
    0.5695298910140991,
    0.5695298910140991,
    0.5695298910140991,
    0.5695298910140991
  ],
  "val_accuracy": [
    0.5350000262260437,
    0.4950000047683716,
    0.4699999988079071,
    0.4749999940395355,
    0.5,
    0.5249999761581421,
    0.5649999976158142,
    0.5799999833106995,
    0.6100000143051147,
    0.625,
    0.6349999904632568,
    0.6700000166893005,
    0.6650000214576721,
    0.675000011920929,
    0.6850000023841858,
    0.6949999928474426,
    0.6949999928474426,
    0.6850000023841858,
    0.6850000023841858,
    0.6850000023841858,
    0.675000011920929,
    0.6650000214576721,
    0.6650000214576721,
    0.6700000166893005,
    0.6850000023841858,
    0.6850000023841858,
    0.6800000071525574,
    0.675000011920929,
    0.6650000214576721,
    0.6650000214576721,
    0.6650000214576721,
    0.6650000214576721,
    0.6650000214576721,
    0.6800000071525574,
    0.6850000023841858,
    0.6850000023841858,
    0.6850000023841858,
    0.6899999976158142,
    0.6899999976158142,
    0.6899999976158142,
    0.6899999976158142,
    0.6850000023841858,
    0.6800000071525574,
    0.6800000071525574,
    0.6800000071525574,
    0.6800000071525574,
    0.6800000071525574,
    0.675000011920929,
    0.675000011920929,
    0.675000011920929
  ],
  "val_auc": [
    0.5496428608894348,
    0.5875000357627869,
    0.6110714077949524,
    0.625595211982727,
    0.637499988079071,
    0.647440493106842,
    0.6520833373069763,
    0.6588095426559448,
    0.6622024178504944,
    0.6645833253860474,
    0.6672618985176086,
    0.669702410697937,
    0.6723809242248535,
    0.6719642877578735,
    0.6744642853736877,
    0.6760119199752808,
    0.6805952191352844,
    0.682440459728241,
    0.6839284896850586,
    0.6850000023841858,
    0.6879761815071106,
    0.6891071200370789,
    0.6890475749969482,
    0.6910118460655212,
    0.6935714483261108,
    0.6961309909820557,
    0.6976190805435181,
    0.6988095641136169,
    0.6995833516120911,
    0.7004761695861816,
    0.7023809552192688,
    0.7039880752563477,
    0.7044047713279724,
    0.7051190137863159,
    0.7057142853736877,
    0.7056547999382019,
    0.7073809504508972,
    0.707976222038269,
    0.709761917591095,
    0.711726188659668,
    0.7127380967140198,
    0.7127977013587952,
    0.712321400642395,
    0.713869035243988,
    0.7135714292526245,
    0.7139285802841187,
    0.7144047617912292,
    0.7151190042495728,
    0.7148808836936951,
    0.715833306312561
  ],