{
  "threshold": 0.5,
  "accuracy": 0.72,
  "precision": 0.53125,
  "recall": 0.5666666666666667,
  "f1": 0.5483870967741935,
  "roc_auc": 0.7783333333333333,
  "confusion_matrix": [
    [
      110,
      30
    ],
    [
      26,
      34
    ]
  ],
  "roc_curve": {
    "fpr": [
      0.0,
      0.007142857142857143,
      0.007142857142857143,
      0.014285714285714285,
      0.014285714285714285,
      0.02857142857142857,
      0.02857142857142857,
      0.03571428571428571,
      0.03571428571428571,
      0.04285714285714286,
      0.04285714285714286,
      0.05714285714285714,
      0.05714285714285714,
      0.07142857142857142,
      0.07857142857142857,
      0.08571428571428572,
      0.08571428571428572,
      0.10714285714285714,
      0.10714285714285714,
      0.11428571428571428,
      0.11428571428571428,
      0.1357142857142857,
      0.1357142857142857,
      0.15714285714285714,
      0.15714285714285714,
      0.16428571428571428,
      0.16428571428571428,
      0.17857142857142858,
      0.17857142857142858,
      0.18571428571428572,
      0.19285714285714287,
      0.24285714285714285,
      0.25,
      0.2642857142857143,
      0.2642857142857143,
      0.2785714285714286,
      0.2785714285714286,
      0.2857142857142857,
      0.2857142857142857,
      0.29285714285714287,
      0.29285714285714287,
      0.30714285714285716,
      0.30714285714285716,
      0.3357142857142857,
      0.3357142857142857,
      0.35,
      0.35,
      0.36428571428571427,
      0.36428571428571427,
      0.39285714285714285,
      0.39285714285714285,
      0.4,
      0.40714285714285714,
      0.4357142857142857,
      0.4357142857142857,
      0.4642857142857143,
      0.4642857142857143,
      0.4857142857142857,
      0.4857142857142857,
      0.5071428571428571,
      0.5071428571428571,
      0.5357142857142857,
      0.5357142857142857,
      0.5428571428571428,
      0.5428571428571428,
      0.5714285714285714,
      0.5714285714285714,
      0.5928571428571429,
      0.5928571428571429,
      0.6,
      0.6,
      0.7785714285714286,
      0.7785714285714286,
      0.7857142857142857,
      0.7857142857142857,
      0.85,
      0.8642857142857143,
      1.0
    ],
    "tpr": [
      0.0,
      0.0,
      0.11666666666666667,
      0.11666666666666667,
      0.21666666666666667,
      0.21666666666666667,
      0.26666666666666666,
      0.26666666666666666,
      0.3333333333333333,
      0.3333333333333333,
      0.35,
      0.35,
      0.38333333333333336,
      0.38333333333333336,
      0.4,
      0.4,
      0.4166666666666667,
      0.4166666666666667,
      0.45,
      0.45,
      0.4666666666666667,
      0.4666666666666667,
      0.5,
      0.5,
      0.5166666666666667,
      0.5166666666666667,
      0.5333333333333333,
      0.5333333333333333,
      0.55,
      0.55,
      0.5666666666666667,
      0.5666666666666667,
      0.5833333333333334,
      0.5833333333333334,
      0.6,
      0.6,
      0.6166666666666667,
      0.6166666666666667,
      0.6333333333333333,
      0.6333333333333333,
      0.6666666666666666,
      0.6666666666666666,
      0.7166666666666667,
      0.7166666666666667,
      0.7333333333333333,
      0.7333333333333333,
      0.75,
      0.75,
      0.7666666666666667,
      0.7666666666666667,
      0.7833333333333333,
      0.7833333333333333,
      0.8,
      0.8,
      0.8166666666666667,
      0.8166666666666667,
      0.8333333333333334,
      0.8333333333333334,
      0.85,
      0.85,
      0.8666666666666667,
      0.8666666666666667,
      0.8833333333333333,
      0.8833333333333333,
      0.9,
      0.9,
      0.9166666666666666,
      0.9166666666666666,
      0.9333333333333333,
      0.9333333333333333,
      0.9666666666666667,
      0.9666666666666667,
      0.9833333333333333,
      0.9833333333333333,
      1.0,
      1.0,
      1.0,
      1.0
    ],
    "thr": [
      Infinity,
      0.9658203125,
      0.90380859375,
      0.86767578125,
      0.82373046875,
      0.80712890625,
      0.7900390625,
      0.77685546875,
      0.744140625,
      0.7294921875,
      0.720703125,
      0.7041015625,
      0.68017578125,
      0.66845703125,
      0.66650390625,
      0.6630859375,
      0.66064453125,
      0.6416015625,
      0.63623046875,
      0.623046875,
      0.6181640625,
      0.5947265625,
      0.58251953125,
      0.56396484375,
      0.55859375,
      0.556640625,
      0.552734375,
      0.5419921875,
      0.53955078125,
      0.53857421875,
      0.529296875,
      0.488525390625,
      0.486572265625,
      0.46337890625,
      0.45068359375,
      0.4443359375,
      0.440673828125,
      0.427490234375,
      0.421142578125,
      0.401611328125,
      0.39697265625,
      0.383544921875,
      0.36572265625,
      0.3515625,
      0.349365234375,
      0.34326171875,
      0.341796875,
      0.338134765625,
      0.337158203125,
      0.316162109375,
      0.31201171875,
      0.310302734375,
      0.306884765625,
      0.2890625,
      0.287109375,
      0.259765625,
      0.258544921875,
      0.24755859375,
      0.2452392578125,
      0.241455078125,
      0.2406005859375,
      0.2283935546875,
      0.2257080078125,
      0.225341796875,
      0.2247314453125,
      0.19970703125,
      0.1956787109375,
      0.1903076171875,
      0.1883544921875,
      0.1878662109375,
      0.18310546875,
      0.1348876953125,
      0.124755859375,
      0.1240234375,
      0.12054443359375,
      0.09234619140625,
      0.0916748046875,
      0.036834716796875
    ]
  }
}